Country, Region, City
IN, Karnataka, Bengaluru
IN, Gujarat, Surat
IN, Delhi, Delhi
IN, Punjab, Ludhiāna
IN, Odisha, Bhubaneswar
IN, Maharashtra, Nagpur
ZA, Western Cape, Malmesbury
US, Wisconsin, Milwaukee
US, Texas, Decatur
US, Iowa, Council Bluffs
IN, Kerala, Kanayannur
IN, Odisha, Bhubaneswar
IN, West Bengal, Kolkata
US, New York, New York City
IN, Telangana, Hyderābād
IN, Karnataka, Bengaluru
ZA, Western Cape, Malmesbury
IN, Punjab, Ludhiāna
US, North Carolina, Charlotte
IN, Karnataka, Bengaluru
IN, Kerala, Alappuzha
IN, Karnataka, Kalghatgi
US, New York, Ridge
US, Illinois, Midlothian
US, Iowa, Council Bluffs
IN, Karnataka, Mangalore
IN, West Bengal, Kolkata
IN, Maharashtra, Mumbai
US, New York, Rochester
US, New York, Rochester
IN, Gujarat, Surat
IN, Gujarat, Surat
IN, Gujarat, Surat
US, Michigan, Ann Arbor
US, New York, Rochester
IN, Gujarat, Surat
IN, Gujarat, Surat
IN, Karnataka, Bengaluru
US, Virginia, Ashburn
IE, Leinster, Clonee
US, North Carolina, Forest City
IN, Karnataka, Bengaluru
IN, Odisha, Jatani
IN, Odisha, Jatani
IN, Karnataka, Tumkūr
IN, Karnataka, Bengaluru
IN, Gujarat, Ahmedabad
US, North Carolina, Charlotte
US, North Carolina, Charlotte
US, North Carolina, Charlotte
NL, Zeeland, Middelburg
US, North Carolina, Raleigh
IN, Maharashtra, Mumbai
IN, Karnataka, Bengaluru
IN, Karnataka, Bengaluru
IN, Karnataka, Udupi
IN, Gujarat, Surat
IN, Maharashtra, Mumbai
IN, Odisha, Jatani
US, Oregon, The Dalles
US, Virginia, Boydton
TW, Taiwan, Changhua
TW, Taiwan, Changhua
TW, Taiwan, Changhua
US, Oregon, The Dalles
US, Oregon, The Dalles
US, Oregon, The Dalles
IN, Karnataka, Bengaluru
IN, Gujarat, Surat
IN, Karnataka, Chitradurga
IN, Karnataka, Bengaluru
IN, Karnataka, Bengaluru
IN, Karnataka, Bengaluru
IN, Maharashtra, Mumbai
IN, Karnataka, Bengaluru
IN, Telangana, Hyderābād
US, Illinois, Schaumburg
IN, Karnataka, Indi
US, Tennessee, Nashville
IN, Karnataka, Indi
NL, South Holland, Hendrik-Ido-Ambacht
CA, Quebec, Montréal
AR, Mendoza, Mendoza
US, Virginia, Ashburn
FR, Île-de-France, Paris
FR, Île-de-France, Paris
US, West Virginia, Elkins
US, Georgia, Clarkston
GB, England, London
FI, Uusimaa, Porvoo
GB, England, Watford
NZ, Auckland, Auckland
DE, North Rhine-Westphalia, Mönchengladbach
NL, North Holland, Amsterdam
US, Colorado, Denver
US, Virginia, Richmond
US, New York, Wynantskill
NZ, Auckland, Auckland
NZ, Auckland, Auckland
DE, Berlin, Berlin
PL, Lower Silesia, Wrocław
DK, Capital Region, Copenhagen
US, Virginia, Blacksburg
AU, New South Wales, Sydney
CA, Ontario, Toronto
US, Washington, Seattle
US, Washington, Seattle
NL, Gelderland, Arnhem
US, Oregon, The Dalles
US, Oregon, The Dalles
NL, South Holland, The Hague
US, New York, New York City
CA, Ontario, Toronto
US, Louisiana, Baton Rouge
US, New York, New York City
US, Florida, New Port Richey
US, Oregon, Springfield
US, California, Long Beach
US, Washington, Everett
DE, Baden-Wurttemberg, Breisach am Rhein
DE, North Rhine-Westphalia, Köln
DE, North Rhine-Westphalia, Lippstadt
MN, Ulaanbaatar, Ulan Bator
GB, England, Bristol
BE, Flanders, Beringen
FR, Île-de-France, Maisons-Laffitte
RU, Moscow, Moscow
CA, British Columbia, North Vancouver
US, Ohio, North Canton
NL, North Brabant, Veldhoven
NL, North Holland, Amsterdam
US, Missouri, St. Louis
AR, Buenos Aires F.D., Buenos Aires
FR, Grand Est, Pont-à-Mousson
CA, Ontario, Willowdale
CA, Ontario, Willowdale
CA, Ontario, Willowdale
GB, England, London
US, New York, New York City
CA, Ontario, Ajax
US, California, Mountain View
US, California, Mountain View
US, Florida, Orlando
GB, England, Newcastle upon Tyne
IN, Kerala, Kanayannur
SE, Västra Götaland, Borås
IN, Tamil Nadu, Chennai
GB, England, Buxton
AT, Styria, Graz
GB, England, London
IN, Gujarat, Vadodara
CR, Alajuela Province, Quesada
RS, Central Serbia, Belgrade
ES, Catalonia, Tarragona
GB, England, Alton
IN, Assam, Bongaigaon
DE, Lower Saxony, Hannover
CA, Alberta, Edmonton
FR, Auvergne-Rhône-Alpes, Lyon
US, Washington, Bothell
US, Tennessee, Memphis
GB, England, Newquay
PT, Lisbon, Lisbon
MA, Casablanca-Settat, Berrechid
BE, Flanders, Aarschot
US, Oklahoma, Oklahoma City
BE, Flanders, Aarschot
AE, Dubai, Dubai
ID, Jakarta, Jakarta
US, North Dakota, Fargo
US, California, Los Angeles
US, Texas, Dallas
AU, Victoria, Melbourne
CA, Ontario, Burlington
BG, Burgas, Burgas
IE, Leinster, Clonee
BD, Rajshahi Division, Sirajganj
IN, Karnataka, Mysore
US, Oregon, The Dalles
US, Oregon, The Dalles
US, Oregon, The Dalles
IN, Karnataka, Gauribidanur
DE, North Rhine-Westphalia, Mönchengladbach
BR, São Paulo, Campinas
RS, Central Serbia, Savski Venac
US, Kansas, Olathe
IN, Madhya Pradesh, Indore
US, Missouri, Hillsboro
US, Indiana, Vincennes
US, Missouri, Wentzville
GB, England, London
BD, Dhaka Division, Dhaka
IN, Karnataka, Bengaluru
US, California, San Ramon
RS, Central Serbia, Savski Venac
IN, Karnataka, Bengaluru
IN, Maharashtra, Mumbai
US, Kansas, Lawrence
IN, Gujarat, Surat
IN, Karnataka, Bengaluru
AL, Durrës County, Durrës
IN, Uttar Pradesh, Ghāziābād
CA, Ontario, Barrie
CA, Ontario, Brampton
CA, Ontario, Brampton
CA, Ontario, Barrie
US, New York, Fresh Meadows
US, California, Los Angeles
NP, Lumbini Province, Ghorahi
US, Florida, Port Saint Lucie
CA, Quebec, Gatineau
DK, Capital Region, Ballerup
US, New Jersey, Jersey City
US, New York, New York City
IN, Karnataka, Bengaluru
IN, Karnataka, Bengaluru
IN, Gujarat, Ahmedabad
NZ, Wellington Region, Upper Hutt
NP, Bagmati Province, Kathmandu
IN, Karnataka, Bengaluru
US, California, San Jose
UA, Lviv, Zolochiv
DZ, Oran, Oran
IN, Karnataka, Bengaluru
NP, Bagmati Province, Kathmandu
IN, Karnataka, Bengaluru
IN, Rajasthan, Kota
LB, Mont-Liban, Baabda
US, Michigan, East Lansing
US, California, San Jose
US, New Jersey, Jersey City
GB, England, Birmingham
NZ, Wellington Region, Upper Hutt
MY, Selangor, Klang
US, Texas, Coppell
US, California, Danville
CA, Ontario, Toronto
NP, Bagmati Province, Kathmandu
VN, Hanoi, Hanoi
FR, Pays de la Loire, Nantes
IN, Karnataka, Bengaluru
IN, Karnataka, Bengaluru
GB, England, Harlow
IN, Karnataka, Bengaluru
GB, England, Evesham
FR, Île-de-France, Paris
GB, Scotland, Kilmarnock
PT, Lisbon, São Domingos de Rana
US, New York, New York City
CA, Quebec, Longueuil
RU, Moscow, Moscow
FR, Île-de-France, Paris
IN, Tamil Nadu, Chennai
US, New York, Williamsville
LU, Luxembourg, Luxembourg
GB, England, Evesham
ZA, Gauteng, Johannesburg
GB, England, Evesham
US, Ohio, Garfield Heights
US, Nevada, Paradise
US, Texas, Dallas
NZ, Auckland, Auckland
IN, Maharashtra, Mumbai
NL, North Holland, Amsterdam
CA, British Columbia, Walnut Grove
US, Pennsylvania, Philadelphia
US, Delaware, North Star
IN, Delhi, Delhi
US, New York, Schenectady
US, California, Long Beach
GB, England, London
IN, Bihar, Patna
IN, Maharashtra, Pune
IN, Rajasthan, Udaipur
DE, Saxony, Brandis
US, Michigan, Grand Rapids
EG, Monufia, Shibīn al Kawm
LV, Riga, Riga
US, California, Oakland
US, California, Sacramento
IN, Haryana, Sonīpat
US, Michigan, Grand Rapids
US, Oregon, Gresham
IN, Bihar, Patna
US, Indiana, Newburgh
US, Oregon, The Dalles
US, California, Sacramento
RU, Leningradskaya Oblast', Gatchina
US, North Carolina, Cary
MA, Tanger-Tetouan-Al Hoceima, Tangier
US, California, San Jose
RU, Moscow, Moscow
US, Arizona, Phoenix
US, Texas, Houston
US, Wisconsin, South Milwaukee
MY, Selangor, Bandar Kinrara
SG, Singapore, Singapore
SG, Singapore, Woodlands
IN, Maharashtra, Nagpur
IN, Gujarat, Surat
IN, Karnataka, Bengaluru
IN, Karnataka, Bengaluru
US, California, Westlake Village
TR, Istanbul, Istanbul
BR, Mato Grosso do Sul, Maracaju
US, Oregon, The Dalles
US, California, San Diego
US, New York, Mount Vernon
US, New York, Garden City
US, California, Pleasanton
US, North Carolina, Durham
GB, England, Staines
NO, Agder, Arendal
SK, Nitra Region, Komárno
US, North Carolina, Rocky Mount
IN, Gujarat, Ahmedabad
US, Ohio, Cincinnati
IN, Gujarat, Ahmedabad
IN, Gujarat, Ahmedabad
LB, Mont-Liban, Baabda
US, New Jersey, Newark
US, Connecticut, New Milford
RU, Rostov, Rostov-na-Donu
GB, England, London
US, Oregon, Oak Grove
CA, Ontario, Hamilton
IN, Madhya Pradesh, Indore
CA, Ontario, Brampton
CA, Ontario, Toronto
US, California, Rancho Cucamonga
US, Indiana, Indianapolis
IN, Maharashtra, Pune
CA, British Columbia, Vancouver
IN, Punjab, Amritsar
IN, Telangana, Hyderābād
IT, Piedmont, Turin
US, California, San Jose
US, Virginia, Roanoke
US, Florida, Melbourne
IN, Himachal Pradesh, Baddi
IN, Himachal Pradesh, Baddi
IN, Gujarat, Ahmedabad
US, Texas, Greenville
IN, Gujarat, Surat
IN, Odisha, Bhubaneswar
LB, Mont-Liban, Baabda
IN, Andhra Pradesh, Kākināda
EE, Harjumaa, Tallinn
PY, Asunción, Asunción
BR, Minas Gerais, Ubá
SY, Dimashq, Damascus
CA, British Columbia, Vancouver
US, Nevada, Las Vegas
US, Texas, North Richland Hills
US, Florida, Tampa
US, Connecticut, Westport
US, Texas, Arlington
CZ, Vysočina, Jihlava
IN, Gujarat, Ahmedabad
IN, Gujarat, Ahmedabad
CA, Ontario, Barrie
GB, England, Southampton
SE, Stockholm, Stockholm
US, Oregon, Medford
DE, Rheinland-Pfalz, Mainz
DE, Rheinland-Pfalz, Mainz
NZ, Auckland, Auckland
CA, Ontario, Richmond Hill
AU, Victoria, Melbourne
IN, Telangana, Hyderābād
AU, New South Wales, Caddens
CH, Bern, Bern
IN, Delhi, Delhi
IN, Telangana, Hyderābād
IN, West Bengal, Kolkata
IN, Karnataka, Bengaluru
JP, Tokyo, Tokyo
AR, Buenos Aires, Mar del Tuyú
US, Arizona, Phoenix
IN, Uttar Pradesh, Meerut
TR, Bilecik, Bilecik
US, Florida, Ocoee
IN, Telangana, Hyderābād
US, Georgia, Atlanta
GB, England, Newcastle upon Tyne
IN, Tamil Nadu, Chennai
RU, Voronezh Oblast, Voronezh
US, Virginia, Ashburn
TR, Istanbul, Istanbul
KZ, Astana, Astana
RU, Moscow, Moscow
IN, Gujarat, Surat
IN, Gujarat, Gandhinagar
US, Texas, Justin
IN, Uttarakhand, Dehra Dūn
SY, Dimashq, Damascus
IN, Punjab, Ludhiāna
PL, Mazovia, Warsaw
PL, Pomerania, Wejherowo
AR, Buenos Aires, Ezeiza
GB, England, Sheffield
US, California, Los Angeles
RS, Vojvodina, Novi Sad
US, Connecticut, West Hartford
IN, Maharashtra, Nagpur
IN, Karnataka, Kumta
CA, Ontario, Brampton
IN, Maharashtra, Nagpur
IN, Maharashtra, Nagpur
IN, Maharashtra, Nagpur
US, Oklahoma, Oklahoma City
IN, Tamil Nadu, Coimbatore
IN, Karnataka, Kumta
TR, Istanbul, Istanbul
BG, Pernik, Pernik
DK, Capital Region, Copenhagen
GB, England, Hemel Hempstead
IN, Karnataka, Kumta
TW, Taiwan, Taichung
TW, Taiwan, Taichung
TW, Taiwan, Taichung
TW, Taiwan, Taichung
PH, Metro Manila, Quezon City
US, California, Los Angeles
RS, Vojvodina, Sombor
NZ, Canterbury, Christchurch
AR, Buenos Aires F.D., Buenos Aires
IN, Maharashtra, Nagpur
US, Oregon, The Dalles
US, Oregon, The Dalles
IN, Karnataka, Kumta
US, New York, New York City
US, Oregon, The Dalles
US, Oregon, The Dalles
IN, Karnataka, Kumta
US, Washington, Kirkland
CA, British Columbia, Vancouver
IN, Karnataka, Kumta
IN, Karnataka, Kumta
GB, England, London
DE, Bavaria, Munich
NP, Bagmati Province, Kathmandu
US, North Carolina, Forest City
IN, Karnataka, Kumta
TW, Taiwan, Taichung
TW, Taiwan, Taichung
TW, Taiwan, Taichung
TW, Taiwan, Taichung
IN, Maharashtra, Mumbai
IL, Central District, Petaẖ Tiqva
US, Indiana, Indianapolis
IN, Karnataka, Kumta
US, New York, New York City
GB, England, Leeds
US, Florida, New Port Richey
US, California, Richmond
IN, Karnataka, Kumta
IN, Karnataka, Kumta
IN, Karnataka, Kumta
IN, Karnataka, Kumta
CA, Ontario, Nepean
SK, Bratislava Region, Bratislava
US, Rhode Island, Providence
IN, Telangana, Kukatpally
US, Michigan, Kalamazoo
IN, Karnataka, Krishnarājpet
IN, Karnataka, Krishnarājpet
US, Vermont, Saint Albans
SG, Singapore, Jurong West
SE, Stockholm, Stockholm
IN, Maharashtra, Latur
IN, Telangana, Hyderābād
IN, Karnataka, Bengaluru
CA, Quebec, Montréal
PH, Metro Manila, Manila
CA, Ontario, Toronto
US, Minnesota, Owatonna
PH, Metro Manila, Manila
US, California, San Diego
PH, Calabarzon, Santo Tomas
US, California, Concord
US, Wisconsin, Waukesha
DE, Bavaria, Germering
BD, Dhaka Division, Dhaka
IN, Karnataka, Bengaluru
US, Oregon, The Dalles
US, Oregon, The Dalles
IN, Karnataka, Bengaluru
US, Oregon, The Dalles
US, Oregon, The Dalles
IN, Karnataka, Bengaluru
IN, Karnataka, Bengaluru
IN, Kerala, Manjeri
IN, Puducherry, Puducherry
KE, Nairobi County, Nairobi
US, Arizona, Phoenix
US, California, San Jose
US, California, San Diego
US, Arizona, Flagstaff
US, Florida, Jacksonville
US, Florida, Jacksonville
US, California, San Diego
IN, Assam, Guwahati
PH, Metro Manila, Makati City
IN, Karnataka, Hubli
IN, Karnataka, Hubli
AU, Victoria, Melbourne
IN, Karnataka, Bengaluru
IN, Karnataka, Hubli
IN, Karnataka, Hubli
IN, Karnataka, Hubli
IN, Karnataka, Hubli
IN, Karnataka, Hubli
IN, Karnataka, Hubli
IN, Karnataka, Hubli
IN, Karnataka, Hubli
IN, Delhi, Delhi
IN, Karnataka, Hubli
IN, Punjab, Ludhiāna
GB, England, Deal
US, Texas, Houston
GB, England, Southend-on-Sea
CA, Ontario, Oshawa
US, New Jersey, Trenton
CA, Ontario, Toronto
AU, New South Wales, Sydney
NL, North Holland, Uitgeest
IN, Karnataka, Hubli
IN, Karnataka, Hubli
NL, Utrecht, Amersfoort
IN, Karnataka, Hubli
GB, England, Coventry
IT, Lazio, Rome
MX, Colima, Colima
CA, Manitoba, Winnipeg
US, Washington, Ellensburg
SE, Västmanland, Västerås
PH, Central Luzon, San Jose del Monte
US, Virginia, Boydton
AU, Queensland, Brisbane
IN, Bihar, Patna
GH, Greater Accra, Accra
AU, New South Wales, Sydney
AU, New South Wales, Sydney
SE, Västra Götaland, Göteborg
IN, Karnataka, Bengaluru
IN, Karnataka, Hubli
US, Tennessee, Clarksville
IN, Tamil Nadu, Coimbatore
US, Massachusetts, Boston
CA, Ontario, Richmond Hill
ES, Catalonia, Barcelona
US, Pennsylvania, Philadelphia
AU, New South Wales, Sydney
US, Illinois, Champaign
US, Florida, Tallahassee
CA, Ontario, Windsor
US, Ohio, Columbus
IN, Karnataka, Bengaluru
CA, Ontario, Windsor
US, Pennsylvania, Philadelphia
SG, Singapore, Ulu Bedok
US, Washington, Lake Stevens
SK, Trenčín Region, Partizánske
CA, Ontario, Oshawa
GB, England, London
US, North Carolina, Sparta
FI, Uusimaa, Helsinki
AU, New South Wales, Sydney
DE, Baden-Wurttemberg, Stuttgart
IN, Jammu and Kashmir, Srinagar
IN, Maharashtra, Mumbai
IN, Karnataka, Bengaluru
IN, Tamil Nadu, Srīperumbūdūr
CA, Ontario, Ottawa
IN, Gujarat, Surat
IN, Kerala, Thiruvananthapuram
GB, England, Hatch End
PH, Ilocos, Vigan
US, Maryland, Severn
DE, North Rhine-Westphalia, Bonn
GB, England, London
TR, Istanbul, Istanbul
US, Washington, Mercer Island
CA, Nova Scotia, Halifax
US, California, Los Angeles
US, Georgia, Atlanta
US, California, Santa Ana
US, California, San Diego
LK, North Central Province, Anuradhapura
AU, Victoria, Warragul
DE, Berlin, Berlin
US, Virginia, Ashburn
DE, Bavaria, Augsburg
DE, Berlin, Berlin
RS, Vojvodina, Zrenjanin
BR, São Paulo, Mauá
GB, England, Alnwick
CA, Ontario, Willowdale
PH, Metro Manila, Quezon City
FI, Uusimaa, Porvoo
CA, Ontario, Richmond Hill
TR, Istanbul, Istanbul
US, North Carolina, Chapel Hill
CA, Prince Edward Island, Charlottetown
AU, Victoria, Melbourne
CA, Ontario, Hamilton
AR, Mendoza, Mendoza
US, New Jersey, Jersey City
US, Texas, Austin
CA, Ontario, Richmond Hill
BG, Gabrovo, Gabrovo
IN, Telangana, Hyderābād
IN, Delhi, Delhi
IN, Karnataka, Bengaluru
US, Rhode Island, Providence
ES, Andalusia, Nerja
US, Missouri, Chesterfield
IN, Uttar Pradesh, Lucknow
US, California, Los Angeles
US, Hawaii, Honolulu
US, California, Los Angeles
ES, Catalonia, Barcelona
US, Pennsylvania, Gettysburg
CA, Quebec, Laval
US, California, Irvine
CA, Ontario, Hamilton
DE, Berlin, Berlin
US, Texas, Katy
IN, Karnataka, Jamkhandi
AE, Sharjah, Sharjah
NL, South Holland, Rotterdam
NL, South Holland, Rhoon
DE, Hesse, Fulda
FR, Centre, Bourges
IN, Maharashtra, Pimpri
IN, Maharashtra, Pimpri
GB, England, Leicester
RS, Central Serbia, Kragujevac
US, Illinois, Morton Grove
IN, Karnataka, Bengaluru
IN, Tamil Nadu, Coimbatore
JP, Tokyo, Tokyo
US, Nebraska, Springfield
US, Virginia, Blacksburg
CA, Ontario, Ottawa
US, Idaho, Hagerman
US, Connecticut, East Hartford
CA, British Columbia, Kamloops
CA, Ontario, Waterloo
IN, Andhra Pradesh, Tirupati
AU, Western Australia, Perth
US, Pennsylvania, Plum
FR, Île-de-France, Achères
CR, Cartago Province, Cartago
IN, Punjab, Patiāla
LK, Western Province, Colombo
SE, Stockholm, Stockholm
US, Mississippi, Ridgeland
CA, Ontario, Willowdale
CA, Ontario, Mississauga
US, California, San Francisco
US, Massachusetts, Woburn
IN, Tamil Nadu, Coimbatore
BR, Rio Grande do Sul, Porto Alegre
US, New York, Ridge
CA, Ontario, Mississauga
BG, Sofia-Capital, Sofia
US, Virginia, Centreville
US, California, San Diego
US, Florida, Brent
IN, Karnataka, Bengaluru
US, California, Turlock
PL, Mazovia, Warsaw
FR, Pays de la Loire, Angers
MA, Fès-Meknès, Fes
IN, Telangana, Hyderābād
IN, Tamil Nadu, Tiruchirappalli
IT, Lombardy, Milan
US, Oregon, The Dalles
IN, Karnataka, Bengaluru
US, Illinois, Hinsdale
US, Oregon, The Dalles
PT, Braga, Braga
CH, Ticino, Lugano
IN, Maharashtra, Virār
IN, Karnataka, Bengaluru
IN, Karnataka, Bengaluru
AU, Victoria, Melbourne
IN, Karnataka, Bengaluru
DE, North Rhine-Westphalia, Wuppertal
US, Maryland, Summerfield
IN, Karnataka, Tumkūr
US, New Jersey, North Bergen
PH, Metro Manila, Pasig City
MW, Northern Region, Mzuzu
GB, England, Fareham
US, Virginia, Tuckahoe
DE, Bavaria, Bad Brückenau
PK, Sindh, Hyderabad
GB, England, London
AU, Western Australia, Perth
US, Texas, Houston
CA, Quebec, Laval
CA, Ontario, Toronto
IN, Madhya Pradesh, Pithampur
US, Kentucky, Lexington
US, Virginia, Sterling
IN, Maharashtra, Mumbai
NP, Lumbini Province, Butwāl
US, Washington, Moses Lake
US, North Carolina, Charlotte
US, Oregon, The Dalles
IN, Karnataka, Mangalore
IN, Karnataka, Mangalore
IN, Karnataka, Mangalore
IN, Karnataka, Mangalore
IN, Karnataka, Mangalore
US, Maryland, Summerfield
CA, Ontario, Kitchener
PL, Mazovia, Warsaw
US, Virginia, McLean
US, Kentucky, Maysville
CA, Quebec, Montréal
IN, Karnataka, Bengaluru
IN, Karnataka, Bengaluru
IN, Tamil Nadu, Singānallūr
IN, Karnataka, Bengaluru
IN, Tamil Nadu, Coimbatore
IN, Tamil Nadu, Coimbatore
CA, Quebec, Montréal
IN, Karnataka, Mangalore
US, Texas, Richardson
US, California, Daly City
BR, Paraná, Sarandi
CA, Ontario, Kitchener
CA, Ontario, Ottawa
MK, Grad Skopje, Skopje
GB, England, Tamworth
RS, Vojvodina, Kanjiža
BR, São Paulo, São Paulo
IN, Karnataka, Bengaluru
IN, Telangana, Hyderābād
DE, Baden-Wurttemberg, Stuttgart
US, New York, Newburgh
GB, England, Saint Neots
US, Connecticut, West Haven
IN, Rajasthan, Jodhpur
CA, British Columbia, Burnaby
GB, England, Preston
CA, Quebec, Montréal
US, Georgia, Atlanta
SG, Singapore, Singapore
IN, Gujarat, Rājkot
CA, Manitoba, Winnipeg
US, Texas, Houston
US, Arizona, Phoenix
IN, Karnataka, Bengaluru
PH, Metro Manila, Manila
ES, Andalusia, Churriana de la Vega
DK, Central Jutland, Grenaa
IN, Maharashtra, Mumbai
IN, Kerala, Thiruvananthapuram
EG, Qalyubia, Al Khānkah
GB, England, London
US, South Carolina, Columbia
US, Washington, Renton
CA, Ontario, Willowdale
CA, British Columbia, Maple Ridge
US, New York, New York City
PH, Metro Manila, Manila
IE, Leinster, Clonee
IN, Karnataka, Bengaluru
GB, Wales, Newport
SE, Skåne, Malmö
IN, Karnataka, Bengaluru
US, Oregon, Prineville
US, Virginia, Ashburn
IN, Karnataka, Bengaluru
US, North Carolina, Forest City
US, Iowa, Altoona
IN, Gujarat, Surat
IN, Gujarat, Surat
US, Washington, Federal Way
CA, Quebec, Montréal
US, Virginia, Martinsville
PK, Islamabad, Islamabad
US, New York, Ridge
IN, Karnataka, Udupi
AT, Vienna, Vienna
DE, Baden-Wurttemberg, Aalen
GB, England, Kirkhamgate
JP, Miyazaki, Miyazaki
IN, Gujarat, Surat
CA, Manitoba, Winnipeg
PH, Calabarzon, San Pedro
IN, Gujarat, Ahmedabad
IN, Maharashtra, Pune
DE, Bavaria, Munich
GB, England, Hastings
DE, Rheinland-Pfalz, Mainz
DE, Rheinland-Pfalz, Mainz
IN, Delhi, Ziauddin Pur
CA, Quebec, Montréal
DE, Rheinland-Pfalz, Mainz
US, California, Los Angeles
US, California, Gilroy
US, New York, New York City
US, Alabama, Opelika
PH, Central Luzon, Baliuag
IN, Karnataka, Ron
US, Georgia, Clarkston
IN, Maharashtra, Nagpur
KZ, Almaty, Almaty
PH, Metro Manila, Quezon City
BR, São Paulo, São Paulo
PH, Calabarzon, Imus
GB, England, Oxford
EG, Luxor, Luxor
IN, West Bengal, Kolkata
US, Alabama, Opelika
CH, Zug, Unterägeri
US, North Carolina, Cary
US, Washington, Seattle
US, Alabama, Auburn
CA, Ontario, Ajax
US, Pennsylvania, Washington
PK, Punjab, Rawalpindi
US, Nebraska, Omaha
CA, Ontario, Windsor
US, Nebraska, Omaha
US, Nebraska, Omaha
CA, Ontario, Markham
IN, Karnataka, Bengaluru
TR, Istanbul, Istanbul
TW, Taipei, Banqiao
IN, Karnataka, Bengaluru
US, Texas, Dallas
US, California, Santa Clara
MD, Chișinău Municipality, Chisinau
US, Pennsylvania, Washington
SK, Bratislava Region, Bratislava
US, Maryland, Potomac
US, Pennsylvania, Washington
US, Florida, Hollywood
US, New Jersey, North Bergen
US, North Carolina, Charlotte
PH, Metro Manila, Quezon City
CA, Ontario, Brampton
CA, Ontario, Richmond Hill
US, Virginia, Boydton
NG, Lagos, Lagos
IN, Bihar, Patna
US, North Carolina, Wake Forest
CA, Ontario, Toronto
GB, Scotland, Peterhead
NL, South Holland, Rotterdam
IN, Karnataka, Bengaluru
US, Pennsylvania, Washington
IN, Karnataka, Bengaluru
EG, Cairo, Cairo
IN, Karnataka, Bengaluru
SE, Skåne, Malmö
BE, Flanders, Jabbeke
US, West Virginia, Morgantown
PT, Porto, Porto
US, New York, Rochester
FR, Île-de-France, Colombes
US, Georgia, Atlanta
IN, Gujarat, Surat
IN, West Bengal, Kolkata
IN, West Bengal, Kolkata
PH, Metro Manila, Pasay
GB, Scotland, Paisley
US, Illinois, Chicago
NP, Bagmati Province, Kathmandu
US, Pennsylvania, Washington
IN, Karnataka, Bengaluru
CA, Saskatchewan, Regina
GB, England, Northampton
GB, England, London
IN, Gujarat, Surat
US, Florida, Miami
SK, Bratislava Region, Bratislava
IN, Gujarat, Surat
DE, Hesse, Frankfurt am Main
US, Iowa, Council Bluffs
US, South Carolina, Abbeville
US, Iowa, Council Bluffs
US, South Carolina, Abbeville
CA, Quebec, Québec
US, Florida, Miami
FR, Île-de-France, Puteaux
FR, Auvergne-Rhône-Alpes, Lyon
FR, Auvergne-Rhône-Alpes, Lyon
US, Nebraska, Omaha
US, Nebraska, Omaha
CA, Ontario, Waterloo
PK, Punjab, Faisalabad
US, North Carolina, Charlotte
CA, British Columbia, Burnaby
CA, Ontario, Toronto
DK, Capital Region, Copenhagen
DE, North Rhine-Westphalia, Lippstadt
TR, Muğla, Marmaris
US, Georgia, Atlanta
US, Florida, Callaway
US, New Jersey, Wildwood
US, Florida, Miami
PK, Punjab, Faisalabad
US, New Jersey, Clifton
CA, Ontario, Oakville
NZ, Auckland, Auckland
US, Nebraska, Omaha
IN, Maharashtra, Mumbai
IN, Haryana, Gurugram
IN, Telangana, Hyderābād
IN, Maharashtra, Pune
CA, Ontario, Toronto
CZ, Moravskoslezský, Ostrava
IN, Rajasthan, Jodhpur
PT, Porto, Porto
US, New York, Ridge
US, Florida, Pembroke Pines
CA, Ontario, Amherstburg
US, New York, Maspeth
US, Iowa, Des Moines
PH, Metro Manila, Pasig City
US, Michigan, Ann Arbor
US, New York, New York City
IN, Karnataka, Bengaluru
US, California, Fremont
US, New Mexico, Albuquerque
US, New York, New York City
AR, Buenos Aires F.D., Buenos Aires
DE, Schleswig-Holstein, Norderstedt
KR, Seoul, Seoul
AU, New South Wales, Sydney
FR, Grand Est, Avize
US, Arizona, Phoenix
US, Illinois, Chicago
US, Indiana, Seymour
IN, Kerala, Kanayannur
IN, Karnataka, Bengaluru
US, California, San Francisco
AE, Dubai, Dubai
DE, Bavaria, Nürnberg
AE, Dubai, Dubai
US, Florida, Miami
KG, Bishkek, Bishkek
US, North Carolina, Durham
GE, Tbilisi, Tbilisi
US, Massachusetts, Marblehead
US, Hawaii, Honolulu
GB, England, Plymouth
DZ, Algiers, Algiers
US, North Carolina, Raleigh
US, Florida, Miami
IN, Karnataka, Bengaluru
IN, Maharashtra, Pune
IN, Karnataka, Bengaluru
IN, Karnataka, Bengaluru
US, Massachusetts, Worcester
IN, Karnataka, Bengaluru
IN, Karnataka, Bengaluru
IN, Karnataka, Bengaluru
SK, Trnava Region, Pata
IN, Telangana, Hyderābād
US, California, San Ramon
US, Texas, Fort Worth
US, Iowa, Council Bluffs
US, Texas, Fort Worth
US, California, Oakland
US, Wyoming, Cheyenne
IN, Andhra Pradesh, Kākināda
US, California, Petaluma
US, California, Petaluma
US, Texas, Dallas
US, Virginia, Sterling
DE, Bavaria, Nürnberg
IN, Karnataka, Belagavi
PH, Western Visayas, Bacolod City
BR, Paraná, Curitiba
IN, Odisha, Bhubaneswar
US, Texas, Fort Worth
CA, Ontario, Toronto
IT, Lombardy, Milan
US, New Jersey, Princeton
IE, Leinster, Dublin
PH, Central Luzon, San Jose del Monte
EG, Cairo, Cairo
US, California, Lakewood
AU, Victoria, Melbourne
US, Washington, Pullman
AU, Victoria, Melbourne
HU, Budapest, Budapest
NL, South Holland, Rotterdam
US, Tennessee, Franklin
FI, Uusimaa, Pohjois-Tapiola
US, New Jersey, Society Hill
TR, Istanbul, Istanbul
CA, Ontario, Richmond Hill
US, Iowa, Davenport
ID, Banten, Tangerang
PH, Metro Manila, Makati City
IT, Lombardy, Milan
US, Iowa, Council Bluffs
US, Texas, Dallas
US, Washington, Bothell
US, Texas, Dallas
AU, Victoria, Melbourne
US, New York, Borough Park
IN, Tamil Nadu, Chennai
US, New Jersey, Society Hill
PH, Central Luzon, Angeles City
IN, Rajasthan, Jodhpur
US, Florida, Pembroke Pines
AE, Sharjah, Sharjah
IN, Karnataka, Bengaluru
IN, Karnataka, Bengaluru
US, Missouri, Kansas City
CH, Bern, Burgdorf
ID, Jakarta, Jakarta
US, Florida, Boca Raton
IN, Uttar Pradesh, Murādnagar
BR, Paraná, Curitiba
AU, Victoria, Melbourne
US, Iowa, Council Bluffs
US, Texas, Dallas
US, Texas, Dallas
IN, Maharashtra, Mumbai
FR, Provence-Alpes-Côte d'Azur, Marseille
IN, Andhra Pradesh, Kākināda
RO, București, Bucharest
PH, Caraga, Butuan
IN, Delhi, Delhi
IN, Maharashtra, Mumbai
US, New York, New York City
IN, Chandigarh, Chandigarh
US, Maryland, East Riverdale
US, California, San Jose
US, California, Rancho Santa Margarita
BR, Rio Grande do Sul, Charqueadas
US, Oregon, The Dalles
US, Arizona, Phoenix
TR, Istanbul, Istanbul
US, Massachusetts, Boston
US, California, Santa Cruz
IN, Kerala, Kanayannur
IN, Karnataka, Mysore
CA, Ontario, Brampton
NP, Lumbini Province, Butwāl
IN, Maharashtra, Nashik
GB, England, Ely
JP, Tokyo, Tokyo
US, Illinois, Chicago
NL, North Brabant, Breda
ES, Valencia, Alicante
DK, Capital Region, Copenhagen
US, Ohio, Columbus
US, Missouri, Oakville
US, California, Fremont
PH, Metro Manila, Manila
US, Texas, Austin
US, California, Stanford
PH, Central Luzon, Tarlac City
IN, Karnataka, Mysore
IN, Andhra Pradesh, Kaikalūr
DE, Hesse, Frankfurt am Main
FR, Auvergne-Rhône-Alpes, Saint-Martin-d'Hères
TN, Tunis Governorate, Tunis
ID, West Java, Cileungsir
MY, Kuala Lumpur, Bukit Jalil
BE, Flanders, Turnhout
ZA, Gauteng, Benoni
PL, Subcarpathia, Przemyśl
IN, Gujarat, Surat
CA, Ontario, Toronto
US, New Jersey, Princeton
NL, North Holland, Amsterdam
FR, Bourgogne-Franche-Comté, Montceau-les-Mines
US, New York, Stony Brook
BR, Paraná, Curitiba
PL, Lower Silesia, Wrocław
US, Florida, Jasmine Estates
AR, Buenos Aires, Adrogué
TT, Chaguanas, Chaguanas
DE, Bavaria, Munich
US, Iowa, Council Bluffs
US, Texas, Dallas
US, Texas, Dallas
US, Pennsylvania, Philadelphia
US, Pennsylvania, State College
US, California, Napa
US, Florida, Miami
IN, Maharashtra, Pimpri
VE, Distrito Federal, Caracas
IN, Telangana, Hyderābād
US, California, Anaheim
IN, Telangana, Hyderābād
CA, Ontario, Nepean
AU, Victoria, Melbourne
LK, Western Province, Colombo
GB, Wales, Cardiff
IE, Connacht, Athenry
IN, Karnataka, Bengaluru
SG, Singapore, Sengkang New Town
TR, İzmir Province, İzmir
IN, Tamil Nadu, Chennai
US, Florida, Orlando
US, Florida, Orlando
IN, Uttarakhand, Dehra Dūn
TH, Rayong, Rayong
BR, Paraná, Maringá
GB, England, London
CA, Ontario, Toronto
CA, Alberta, Calgary
US, California, Del Mar
FI, Uusimaa, Porvoo
US, Iowa, Council Bluffs
US, Texas, Dallas
US, New York, Buffalo
US, Minnesota, Two Harbors
EC, Pichincha, Quito
IN, Maharashtra, Mumbai
US, California, Rohnert Park
US, Texas, Dallas
US, Indiana, Bloomington
IN, Maharashtra, Mumbai
IN, Maharashtra, Mumbai
SK, Prešov Region, Prešov
IN, Gujarat, Ahmedabad
IN, Karnataka, Bengaluru
US, Colorado, Durango
RS, Central Serbia, Ovča
PH, Calabarzon, San Pedro
UA, Vinnytsia, Vinnytsya
PT, Lisbon, Lisbon
US, California, Santa Clara
MA, Fès-Meknès, Missour
AR, Buenos Aires, Ciudad del Libertador General San Martín
US, Texas, Allen
CA, Alberta, Calgary
NP, Bagmati Province, kankrabari Dovan
US, Virginia, Ashburn
US, Virginia, Ashburn
US, Virginia, Ashburn
DE, North Rhine-Westphalia, Hamm
US, New York, New York City
CA, Quebec, Gatineau
US, Virginia, Ashburn
US, California, Los Angeles
IN, Gujarat, Ahmedabad
PH, Metro Manila, Quezon City
US, Connecticut, North Haven
CA, British Columbia, Vancouver
PL, Lesser Poland, Oświęcim
MA, Fès-Meknès, Missour
US, Texas, Dallas
PT, Lisbon, Lisbon
CA, Ontario, Toronto
US, Washington, Wenatchee
AU, Victoria, Melbourne
CA, Ontario, East Gwillimbury
CA, Ontario, Ottawa
RU, Omsk Oblast, Omsk
US, Maryland, College Park
TH, Chiang Rai, Chiang Rai
GB, Scotland, Edinburgh
FR, Île-de-France, Puteaux
IN, Assam, Guwahati
US, New York, New York City
US, Texas, Dallas
US, Ohio, Mason
US, New York, New York City
CA, British Columbia, Victoria
CA, Ontario, Markham
US, New Hampshire, Salem
CA, Ontario, Innisfil
US, Iowa, Council Bluffs
US, Minnesota, Minneapolis
IN, Karnataka, Bengaluru
CH, Bern, Bern
US, Utah, Salt Lake City
US, Virginia, Boydton
IN, Uttar Pradesh, Ghāziābād
PL, Mazovia, Warsaw
IN, Maharashtra, Mumbai
NG, Lagos, Lagos
US, Pennsylvania, Arlington Heights
IN, Bihar, Patna
IN, Bihar, Arwal
US, Alabama, Phenix City
IT, Campania, Naples
US, New Jersey, Caldwell
IN, Bihar, Patna
LT, Vilnius, Vilnius
AU, New South Wales, Sydney
US, Georgia, Clarkston
CL, Santiago Metropolitan, Santiago
GH, Greater Accra, Accra
BR, São Paulo, São Paulo
IN, Karnataka, Mysore
IN, Assam, Jorhāt
ID, West Java, Bekasi
GB, Wales, Cardiff
IN, Karnataka, Bengaluru
AU, Victoria, Melbourne
IN, Maharashtra, Nashik
IN, Karnataka, Bengaluru
US, North Carolina, Greensboro
US, New Jersey, Keyport
US, Kentucky, Highland Heights
CA, Quebec, Longueuil
US, Virginia, Fairfax
US, Nevada, Reno
PH, Zamboanga Peninsula, Zamboanga
MN, Ulaanbaatar, Ulan Bator
IN, Telangana, Hyderābād
AU, Victoria, Melbourne
US, Utah, Salt Lake City
IN, Jammu and Kashmir, Jammu
NP, Lumbini Province, Butwāl
IN, Karnataka, Māgadi
IN, Maharashtra, Chikhli
IN, Karnataka, Bengaluru
MY, Kuala Lumpur, Bukit Jalil
GB, England, Portsmouth
TR, Bursa Province, Gölcük
NO, Trøndelag, Trondheim
AU, New South Wales, Sydney
US, California, Pasadena
IN, Tamil Nadu, Coimbatore
US, North Carolina, Charlotte
IN, Chandigarh, Chandigarh
US, Illinois, Chicago
US, Pennsylvania, Philadelphia
US, California, Los Banos
IN, Delhi, Delhi
KZ, Almaty, Almaty
HU, Budapest, Budapest
IR, Fars, Shiraz
PH, Metro Manila, Quezon City
IN, Karnataka, Bengaluru
IN, Maharashtra, Nagpur
IN, Karnataka, Hubli
NP, Bagmati Province, Kathmandu
MY, Terengganu, Kuala Terengganu
IN, Karnataka, Bengaluru
US, Arizona, Tempe
PE, Lima region, San Isidro
GB, England, Derby
US, Colorado, Denver
FR, Hauts-de-France, Hermes
IN, Tamil Nadu, Chennai
US, California, Ontario
US, Texas, Houston
US, Utah, Layton
TH, Songkhla, Hat Yai
FR, Île-de-France, Paris
US, District of Columbia, Washington
IN, Tamil Nadu, Chennai
IN, Uttar Pradesh, Varanasi
IN, Karnataka, Nanjangūd
FR, Auvergne-Rhône-Alpes, Meylan
US, North Carolina, Raleigh
FR, Auvergne-Rhône-Alpes, Meylan
US, Florida, Brooksville
CA, Ontario, Brampton
US, Kentucky, Mayfield
US, Maine, Orono
US, North Carolina, Raleigh
IN, Karnataka, Bengaluru
US, California, Irvine
GB, England, Leeds
IN, Karnataka, Hubli
AT, Vienna, Vienna
US, California, San Jose
IN, Bihar, Patna
IN, Delhi, Delhi
IN, Delhi, Delhi
AU, Victoria, Melbourne
IN, Tamil Nadu, Chennai
US, Pennsylvania, Philadelphia
GB, England, Winthorpe
CH, Zurich, Zürich
NL, South Holland, The Hague
BD, Dhaka Division, Dhaka
CA, Ontario, Barrie
US, Illinois, Aurora
DE, Hesse, Rüsselsheim am Main
US, California, Riverside
CA, Quebec, Laval
US, New Jersey, Closter
IN, Karnataka, Bengaluru
US, Oregon, Portland
US, California, Los Angeles
PH, Calabarzon, Dasmariñas
PT, Lisbon, Amadora
CA, Alberta, Edmonton
DK, Capital Region, Copenhagen
AT, Vienna, Vienna
PH, Central Visayas, Cebu City
US, Illinois, Lincolnshire
LK, Western Province, Pita Kotte
TR, İzmir Province, İzmir
NP, Bagmati Province, Madhyapur Thimi
US, California, Cypress
US, Massachusetts, Boston
RS, Central Serbia, Mehane
US, New Jersey, North Bergen
CA, Ontario, Willowdale
US, New York, New York City
PR, Ponce, Ponce
CA, Ontario, Toronto
US, Illinois, Chicago
US, Florida, Boca Raton
GB, England, London
US, Virginia, Ashburn
MA, Tanger-Tetouan-Al Hoceima, Tangier
US, Virginia, Ashburn
NP, Bagmati Province, Kathmandu
IN, Maharashtra, Pune
MT, Marsaskala, Marsaskala
ID, South Sulawesi, Makassar
MT, Marsaskala, Marsaskala
IN, Telangana, Hyderābād
IN, Telangana, Hyderābād
IN, Kerala, Payyannūr
IN, Kerala, Payyannūr
ZA, Gauteng, Johannesburg
RO, Sibiu County, Sibiu
US, Kentucky, Louisville
PH, Central Visayas, Cebu City
BR, São Paulo, São Paulo
IT, Lazio, Rome
US, California, San Francisco
DE, Bavaria, Deggendorf
CL, Valparaíso, Viña del Mar
GB, England, Andover
US, New York, New York City
US, New York, New York City
US, Kentucky, Crescent Springs
US, Texas, Houston
US, Arizona, Phoenix
US, Arizona, Phoenix
SI, Ljubljana, Ljubljana
GB, Wales, Coity
US, Illinois, Chicago
BR, Bahia, Lauro de Freitas
RU, Moscow, Moscow
NL, North Brabant, Zundert
US, Indiana, Bloomington
US, Minnesota, Saint Paul
US, Minnesota, Rochester
NP, Bagmati Province, Kathmandu
US, California, Santa Ana
IN, Tamil Nadu, Chennai
US, California, Santa Ana
IN, Tamil Nadu, Chennai
IN, Maharashtra, Thāne
NO, Trøndelag, Trondheim
IN, Karnataka, French Rocks
BE, Flanders, Beringen
IN, Karnataka, Bengaluru
GB, England, London
US, North Carolina, Raleigh
US, Georgia, Forest Park
US, California, Los Angeles
BD, Dhaka Division, Dhaka
IN, Karnataka, Bengaluru
ID, Jakarta, Jakarta
SG, Singapore, Ulu Bedok
GB, England, Worthing
IN, Uttar Pradesh, Ghāziābād
US, South Carolina, Moncks Corner
DE, Baden-Wurttemberg, Mannheim
CA, Ontario, Toronto
US, New York, New York City
US, California, San Jose
PH, Calabarzon, Imus
CA, Nova Scotia, Halifax
US, Georgia, Savannah
US, Virginia, Mantua
US, Georgia, Atlanta
US, New Jersey, Trenton
ES, Madrid, Madrid
US, Missouri, Columbia
DE, Hamburg, Hamburg
SK, Bratislava Region, Bratislava
IN, Maharashtra, Mumbai
US, Indiana, Vincennes
FI, North Ostrobothnia, Oulu
ME, Podgorica, Podgorica
NL, Groningen, Groningen
US, Texas, Dallas
SA, Mecca Region, Jeddah
US, Tennessee, Nashville
CA, Alberta, Edmonton
US, Tennessee, Knoxville
PH, Western Visayas, Iloilo
PK, Balochistan, Quetta
IN, Karnataka, Mysore
IN, Maharashtra, Pune
FI, Uusimaa, Helsinki
NL, South Holland, The Hague
IN, Karnataka, Mysore
IN, West Bengal, Kolkata
IN, Karnataka, Mysore
IN, Karnataka, Mysore
IN, Karnataka, Mysore
IN, Delhi, Delhi
IN, Maharashtra, Sirūr
AU, New South Wales, Mona Vale
IE, Leinster, Dublin
US, Massachusetts, Westford
IN, Karnataka, Mandya
IN, Karnataka, Mandya
IN, Karnataka, Mandya
IN, Karnataka, Mandya
IN, Karnataka, Mandya
IN, Karnataka, Mandya
MY, Kuala Lumpur, Kuala Lumpur
PH, Central Luzon, Angeles City
FR, Pays de la Loire, Angers
LK, Western Province, Colombo
PS, West Bank, Nablus
AU, Victoria, Melbourne
NP, Bagmati Province, Madhyapur Thimi
CA, Quebec, Québec
US, North Carolina, Chapel Hill
US, Ohio, Columbus
US, New York, New York City
ES, Madrid, Madrid
IN, Karnataka, Bengaluru
US, Virginia, Fairfax
IN, Uttar Pradesh, Meerut
US, New York, New York City
PH, Calabarzon, Bacoor
US, Iowa, Ottumwa
MY, Johor, Johor Bahru
AU, New South Wales, Sydney
PH, Metro Manila, Manila
IN, Odisha, Bhubaneswar
FR, Provence-Alpes-Côte d'Azur, Marignane
SA, Mecca Region, Jeddah
DE, Hesse, Frankfurt am Main
DK, Capital Region, Copenhagen
DK, Capital Region, Copenhagen
IN, Maharashtra, Pune
DE, Berlin, Berlin
CA, Ontario, Brampton
IN, West Bengal, Kolkata
MK, Prilep, Prilep
US, New York, West Albany
ES, Madrid, Madrid
RO, București, Bucharest
BR, Rio de Janeiro, Rio de Janeiro
US, Florida, Miami
NZ, Auckland, Auckland
US, California, Los Angeles
US, Nevada, Carson City
IN, Maharashtra, Mumbai
DK, South Denmark, Esbjerg
IN, Gujarat, Surat
IN, Uttar Pradesh, Agra
SE, Västmanland, Västerås
IN, Karnataka, Lingsugūr
IN, Karnataka, Gokak
IN, Karnataka, Gokak
IN, Karnataka, Gokak
US, Georgia, Johns Creek
US, Florida, Port Saint Lucie
US, Minnesota, Minneapolis
SE, Jönköping, Jönköping
US, Maryland, Baltimore
US, Ohio, Doylestown
TH, Bangkok, Bangkok
VE, Zulia, Maracaibo
CA, Quebec, Dorval
IN, Gujarat, Surat
IN, Gujarat, Surat
US, New York, New York City
US, Oregon, The Dalles
US, California, Sacramento
NP, Bagmati Province, Kathmandu
US, Florida, Valrico
MA, Casablanca-Settat, Casablanca
GB, England, Guildford
IN, Gujarat, Surat
MA, Casablanca-Settat, Casablanca
PL, Greater Poland, Poznań
PL, Mazovia, Warsaw
FR, Pays de la Loire, Arnage
US, North Carolina, Raleigh
PH, Metro Manila, Makati City
PH, Metro Manila, Quezon City
US, Colorado, Boulder
US, Iowa, Ames
IN, Karnataka, Bengaluru
US, South Carolina, Moncks Corner
PL, Lower Silesia, Wrocław
NL, North Holland, Amsterdam
US, Florida, Daytona Beach
CA, Ontario, Toronto
BR, Espírito Santo, Domingos Martins
US, Texas, Garland
IN, Tamil Nadu, Chennai
IN, Maharashtra, Mumbai
PH, Metro Manila, Quezon City
KW, Al Farwaniyah, Al Farwānīyah
NP, Bagmati Province, Kathmandu
GB, England, Guildford
IN, Maharashtra, Nagpur
US, Nebraska, Lincoln
US, Indiana, Bloomington
JO, Irbid, Irbid
DE, Baden-Wurttemberg, Esslingen
DE, North Rhine-Westphalia, Hagen
US, Florida, Miami
PL, Mazovia, Warsaw
US, Virginia, Ashburn
CA, British Columbia, Kamloops
IN, Rajasthan, Jaipur
US, Washington, North Creek
GB, England, London
IN, Maharashtra, Pune
US, California, San Jose
US, California, San Jose
US, California, Huntington Beach
US, Minnesota, Saint Paul
US, Colorado, Denver
US, Washington, Moses Lake
CA, Ontario, Oakville
US, Pennsylvania, Norristown
CA, Ontario, Willowdale
CA, Ontario, Ottawa
IN, Gujarat, Vadodara
IN, Jammu and Kashmir, Srinagar
RU, Voronezh Oblast, Voronezh
US, Florida, Winter Park
CA, British Columbia, Kamloops
BR, Paraná, Maringá
JM, Kingston, Kingston
IN, Madhya Pradesh, Bhopāl
GB, England, Oxford
PK, Sindh, Karachi
US, Washington, Seattle
ZA, Mpumalanga, Middelburg
CH, Zurich, Dübendorf
HR, Primorje-Gorski Kotar, Rijeka
RO, București, Bucharest
DE, North Rhine-Westphalia, Paderborn
US, California, Upland
US, South Carolina, Moncks Corner
CA, Ontario, Toronto
US, California, Fremont
US, Pennsylvania, Scranton
CA, Ontario, Toronto
CA, British Columbia, Vancouver
GB, England, Wallsend
ES, Madrid, Madrid
US, Texas, McKinney
LK, Western Province, Colombo
CA, British Columbia, Kamloops
GB, England, Rugby
IN, Gujarat, Surat
IN, Gujarat, Surat
GB, England, Oxford
ES, Andalusia, Mijas
US, New York, Borough Park
IN, Gujarat, Surat
PY, Boquerón Department, Filadelfia
CA, Ontario, Kingston
US, New York, Syracuse
US, New York, Stony Brook
US, Texas, San Marcos
US, Indiana, Lafayette
CA, Ontario, Brampton
CA, Ontario, Kingston
IN, Gujarat, Surat
NP, Bagmati Province, Kathmandu
US, Virginia, Ashburn
FR, Occitanie, Clapiers
NL, North Brabant, Waalwijk
DK, Capital Region, Copenhagen
IN, Maharashtra, Pune
CH, Geneva, Genève
US, New York, New York City
CA, Nova Scotia, Halifax
BR, Rio Grande do Sul, Porto Alegre
US, Iowa, North Liberty
CA, Ontario, Mississauga
BR, Minas Gerais, Contagem
MY, Penang, George Town
BR, Minas Gerais, Uberlândia
US, Virginia, Lynchburg
IN, Telangana, Hyderābād
CA, British Columbia, Vancouver
US, Georgia, Atlanta
US, California, San Francisco
US, California, San Francisco
IN, Gujarat, Surat
IN, Delhi, New Delhi
IN, Punjab, Ludhiāna
IN, Karnataka, Bengaluru
BR, Rio de Janeiro, Belford Roxo
US, Georgia, Acworth
BR, Minas Gerais, Belo Horizonte
US, New York, Flatbush
US, California, Burbank
US, Florida, Gainesville
IN, Maharashtra, Mumbai
US, New Jersey, Parsippany
IN, Karnataka, Kundapura
FR, Nouvelle-Aquitaine, La Rochelle
IN, Maharashtra, Nashik
GB, England, Reading
US, North Carolina, Raleigh
US, Pennsylvania, Kutztown
US, Texas, Irving
KE, Nairobi County, Nairobi
IN, Karnataka, Bengaluru
US, California, Berkeley
DK, South Denmark, Svendborg
MT, Marsaskala, Marsaskala
DE, Baden-Wurttemberg, Ulm
DE, Berlin, Berlin
FR, Île-de-France, Saint-Denis
US, New York, Lancaster
US, Florida, Navarre
CA, Alberta, Edmonton
IN, Telangana, Hyderābād
IN, Kerala, Irinjālakuda
IN, Maharashtra, Bhiwandi
NP, Bagmati Province, Bharatpur
IN, Maharashtra, Nagpur
CA, Ontario, Toronto
IN, Karnataka, Bengaluru
ES, Castille-La Mancha, Tomelloso
IN, Telangana, Hyderābād
NL, Overijssel, Oldenzaal
BR, Rio Grande do Sul, Canoas
TH, Bangkok, Bangkok
US, California, Fremont
CA, Ontario, Mississauga
IN, Delhi, Delhi
IN, Karnataka, Bengaluru
GB, England, London
US, Florida, Orlando
NO, Vestland, Bergen
AU, Western Australia, Perth
US, Florida, Orlando
US, California, Irvine
PH, Metro Manila, Pasig City
SK, Trnava Region, Hlohovec
IN, Gujarat, Surat
IN, Gujarat, Surat
IN, Karnataka, Bengaluru
CL, Santiago Metropolitan, Santiago
IN, Karnataka, Bengaluru
US, Georgia, Atlanta
US, Michigan, Ann Arbor
CA, Ontario, Ottawa
BR, São Paulo, Santa Adélia
CA, Ontario, Guelph
CA, Ontario, Toronto
US, Arizona, Phoenix
CA, Ontario, Oshawa
IN, Tamil Nadu, Chennai
IN, Tamil Nadu, Chennai
CA, British Columbia, North Vancouver
SK, Nitra Region, Nitra
IN, Telangana, Hyderābād
IN, Uttar Pradesh, Ghāziābād
IN, Uttar Pradesh, Ghāziābād
SE, Södermanland, Eskilstuna
UG, Central Region, Kampala
IN, Rajasthan, Jaipur
BR, São Paulo, São Paulo
US, Alabama, Birmingham
FI, Uusimaa, Helsinki
US, Arizona, Phoenix
US, Michigan, Detroit
IN, West Bengal, Kolkata
US, Ohio, Xenia
US, California, Riverside
PT, Lisbon, Lisbon
PH, Calabarzon, Cainta
LT, Telsiai, Mazeikiai
BR, Minas Gerais, São João del Rei
US, New York, Albany
US, Wisconsin, Elkhorn
CA, British Columbia, Surrey
AU, Victoria, Melbourne
US, North Carolina, Charlotte
FI, Lapland, Rovaniemi
IN, West Bengal, Kolkata
ID, Jakarta, Jakarta
IN, Delhi, Delhi
IN, Delhi, Delhi
NP, Bagmati Province, Kathmandu
IN, Karnataka, Shimoga
BE, Flanders, Ieper
US, New York, Ridge
IN, Punjab, Jalandhar
US, California, Los Angeles
US, California, Irvine
US, Kentucky, Louisville
IT, Lombardy, Milan
US, Oregon, The Dalles
NZ, Auckland, Auckland
US, Iowa, Council Bluffs
US, Pennsylvania, Philadelphia
CA, Ontario, Hamilton
MY, Perak, Ipoh
US, North Carolina, Raleigh
CA, Ontario, Toronto
IN, Gujarat, Ahmedabad
PH, Metro Manila, Marikina City
AE, Dubai, Dubai
IN, Kerala, Thiruvananthapuram
US, New York, Astoria
IN, Kerala, Thiruvananthapuram
GB, England, London
ES, Castille and León, Burgos
IN, Kerala, Thiruvananthapuram
IN, Maharashtra, Lonavla
IL, Tel Aviv, Ramat Gan
CA, Ontario, Kitchener
CA, Manitoba, Gimli
CA, Quebec, Laval
SI, Ljubljana, Ljubljana
CA, Ontario, Toronto
NZ, Waikato Region, Hamilton
US, Georgia, Atlanta
US, Georgia, Atlanta
US, New York, Astoria
PH, Metro Manila, Quezon City
IN, Kerala, Kanayannur
IN, Maharashtra, Pune
IN, Tamil Nadu, Chennai
SE, Västra Götaland, Göteborg
US, Virginia, Ashburn
US, New York, New York City
CA, Ontario, Willowdale
US, Maryland, Catonsville
US, Rhode Island, Providence
GB, England, London
US, Arizona, Phoenix
IN, Delhi, Delhi
US, Washington, Tacoma
US, Oklahoma, Oklahoma City
IN, Tamil Nadu, Madurai
US, Ohio, Medina
IN, Karnataka, Bengaluru
CH, Zurich, Zürich
US, Kansas, Wichita
BR, Rio de Janeiro, Volta Redonda
IN, Kerala, Perumpāvūr
IN, Tamil Nadu, Chennai
MT, Marsaskala, Marsaskala
IN, Karnataka, Bengaluru
IN, Telangana, Hyderābād
GB, England, Nottingham
IN, Kerala, Perumpāvūr
IN, Kerala, Perumpāvūr
CA, Ontario, Toronto
US, Iowa, Council Bluffs
US, Texas, Dallas
US, Utah, Fairview
US, Massachusetts, Lowell
CA, Ontario, Nepean
IN, Kerala, Perumpāvūr
CA, Ontario, Willowdale
IN, Kerala, Perumpāvūr
IN, Tamil Nadu, Colachel
IN, Kerala, Perumpāvūr
CA, British Columbia, Coquitlam
IN, Kerala, Perumpāvūr
IN, Tamil Nadu, Chengalpattu
CA, Ontario, Toronto
US, South Carolina, Moncks Corner
CA, Ontario, Toronto
PY, Asunción, Asunción
GB, Scotland, Bearsden
IN, Maharashtra, Mumbai
US, Texas, Dallas
US, South Carolina, Moncks Corner
US, South Carolina, Moncks Corner
TH, Bangkok, Bangkok
US, South Carolina, Moncks Corner
US, Texas, Austin
US, Texas, Houston
SG, Singapore, Singapore
US, Texas, Houston
TH, Bangkok, Bangkok
NL, South Holland, The Hague
CA, Ontario, Mississauga
PH, Metro Manila, Caloocan City
IN, Rajasthan, Jaipur
PS, West Bank, Ramallah
US, Texas, El Paso
ZA, Gauteng, Johannesburg
VE, Guárico, San Juan de los Morros
US, Maryland, Potomac
US, Texas, Dallas
US, Iowa, Council Bluffs
AU, New South Wales, The Rocks
MN, Ulaanbaatar, Ulan Bator
US, New York, Syracuse
PK, Punjab, Rawalpindi
US, Illinois, Evanston
BR, São Paulo, São Paulo
TN, Tunis Governorate, Tunis
NL, North Holland, Amsterdam
US, Texas, Dallas
BE, Wallonia, Manage
US, Illinois, Chicago
IN, Tamil Nadu, Chennai
US, Arkansas, Waldron
IN, Gujarat, Surat
IT, Lombardy, Milan
ZA, Gauteng, Johannesburg
CA, Ontario, Kitchener
US, New York, Ridge
US, New York, Buffalo
MX, Colima, Colima
BR, São Paulo, São Paulo
CO, Antioquia, Medellín
US, Maryland, Gaithersburg
US, Minnesota, Saint Paul
IN, Maharashtra, Pimpri
US, District of Columbia, Washington
GE, Tbilisi, Tbilisi
US, Oregon, Boardman
GB, England, Walsall
AU, Victoria, Melbourne
US, Utah, Holladay
NZ, Auckland, Auckland
US, Iowa, Council Bluffs
US, Texas, Dallas
US, Texas, Dallas
FR, Grand Est, Strasbourg
DE, Hesse, Oberursel
US, Oregon, Boardman
GB, England, Egham
PH, Calabarzon, Lipa City
DE, North Rhine-Westphalia, Düsseldorf
PT, Lisbon, Lisbon
CA, Quebec, Montréal
IN, Karnataka, Bengaluru
IN, Uttar Pradesh, Meerut
IN, West Bengal, Malda
US, Florida, Miami
US, Iowa, Council Bluffs
US, Texas, Dallas
US, Indiana, Fort Wayne
HR, Zagreb, Zagreb
US, New York, New York City
US, Illinois, West Chicago
CA, Ontario, Mississauga
PH, Metro Manila, Taguig
SG, Singapore, Singapore
IN, Andhra Pradesh, Bhimavaram
IN, Maharashtra, Sholapur
MY, Kuala Lumpur, Kuala Lumpur
RO, Bihor County, Oradea
GB, England, Reading
AU, New South Wales, Sydney
US, Iowa, Marion
IN, West Bengal, Siliguri
SG, Singapore, Jurong West
IN, Punjab, Amritsar
PH, Metro Manila, Manila
US, Virginia, Ashburn
US, Iowa, Council Bluffs
US, Texas, Dallas
US, California, Tustin
US, Washington, Edmonds
IN, Karnataka, Bengaluru
CA, British Columbia, Surrey
US, California, Tustin
NP, Bagmati Province, Kathmandu
US, Virginia, Ashburn
AU, Victoria, Melbourne
US, Texas, Dallas
FR, Île-de-France, Paris
IN, Andhra Pradesh, Tādepalle
PL, Mazovia, Warsaw
NP, Bagmati Province, Madhyapur Thimi
GB, England, Nottingham
GB, England, Leicester
UA, Cherkasy, Cherkasy
VN, Ho Chi Minh, Ho Chi Minh City
US, Massachusetts, Boston
IQ, Baghdad, Baghdad
IN, Tamil Nadu, Chennai
US, California, San Bruno
US, Iowa, Council Bluffs
US, Texas, Dallas
IN, Maharashtra, Badlapur
US, Texas, Dallas
SG, Singapore, Singapore
IN, Maharashtra, Mumbai
US, California, Santa Clara
IN, Rajasthan, Behror
BE, Brussels Capital, Brussels
US, New York, New York City
CA, Ontario, Oakville
IN, Uttar Pradesh, Meerut
NL, North Holland, Hoorn
FR, Île-de-France, Paris
OM, Muscat, Muscat
IN, Telangana, Hyderābād
CA, Alberta, Edmonton
IN, Telangana, Hyderābād
NP, Koshi, Bhadrapur
PT, Lisbon, Lisbon
CA, Ontario, Guelph
US, California, Vineyard
SK, Bratislava Region, Bratislava
MY, Selangor, Klang
DE, Hamburg, Hamburg
ZA, Western Cape, Cape Town
MY, Selangor, Petaling Jaya
US, Virginia, Martinsville
BR, Rio Grande do Sul, Porto Alegre
US, New York, New York City
US, Virginia, Ashburn
CR, San José, San José
FR, Normandy, Bretteville-sur-Odon
US, Texas, Houston
US, South Carolina, Irmo
CA, Ontario, Waterloo
GR, Attica, Athens
IN, West Bengal, Kharagpur
IN, Assam, Dispur
IN, Karnataka, Bengaluru
ZA, Gauteng, Benoni
DK, Capital Region, Copenhagen
US, California, Roseville
DK, Capital Region, Copenhagen
US, Texas, Dallas
RS, Central Serbia, Zvezdara
US, Maryland, Salisbury
US, Texas, Houston
US, Florida, Sanford
US, Utah, Salt Lake City
US, Iowa, Council Bluffs
US, Texas, Dallas
US, Texas, Dallas
US, Washington, Spokane
US, Washington, Everett
US, Illinois, Chicago
IN, Maharashtra, Pune
PL, Świętokrzyskie, Kielce
PK, Sindh, Karachi
PL, Świętokrzyskie, Kielce
TR, Istanbul, Istanbul
DE, Saxony, Chemnitz
US, New Jersey, Marlboro
CA, Ontario, Kitchener
US, New Jersey, Marlboro
IN, Gujarat, Ahmedabad
IN, Maharashtra, Mumbai
LT, Vilnius, Vilnius
IN, Maharashtra, Mumbai
PL, Mazovia, Warsaw
IN, Telangana, Hyderābād
DE, Lower Saxony, Göttingen
US, Massachusetts, Boston
US, Florida, Gainesville
US, Florida, Gainesville
US, South Carolina, Florence
IN, Tamil Nadu, Chennai
US, Florida, Orlando
US, Maryland, New Market
US, California, Kensington
US, Florida, Gainesville
US, Virginia, Ashburn
US, California, Menlo Park
US, Maryland, New Market
NL, North Brabant, 's-Hertogenbosch
VN, Hanoi, Hanoi
CA, British Columbia, Vancouver
US, Iowa, Council Bluffs
US, Texas, Dallas
MY, Selangor, Kampung Baru Balakong
IN, Gujarat, Ahmedabad
US, Iowa, Council Bluffs
PH, Bicol Region, Sorsogon
US, Nebraska, Lincoln
IN, Maharashtra, Nashik
BR, São Paulo, São Paulo
US, Florida, Gainesville
BR, São Paulo, Santa Adélia
FR, Île-de-France, Paris
US, Florida, Gainesville
TR, İzmir Province, İzmir
US, New York, Syracuse
US, Florida, Gainesville
US, District of Columbia, Washington
IN, Telangana, Hyderābād
AU, Queensland, Brisbane
US, Iowa, Des Moines
US, Oregon, The Dalles
GB, England, London
CA, Ontario, Willowdale
CA, Ontario, Willowdale
NL, North Holland, Amsterdam
NL, North Holland, Amsterdam
IN, Gujarat, Ahmedabad
US, Michigan, Ann Arbor
AU, Victoria, Melbourne
US, Utah, Salt Lake City
US, Washington, Waller
CA, Ontario, Pickering
NP, Bagmati Province, Kathmandu
IN, Tamil Nadu, Āvadi
IN, Bihar, Patna
US, California, Long Beach
RO, Iași County, Iaşi
IN, Gujarat, Surat
IN, Madhya Pradesh, Indore
IN, Haryana, Gurugram
US, New York, New York City
TR, Karabük Province, Karabük
DE, Berlin, Berlin
DE, Berlin, Berlin
CA, Ontario, Toronto
MX, Querétaro, Santiago de Querétaro
US, New York, New York City
IN, Telangana, Hyderābād
US, Ohio, Toledo
IN, Maharashtra, Mumbai
US, Washington, Spokane Valley
US, California, Los Angeles
AR, Buenos Aires F.D., Buenos Aires
IN, Gujarat, Surat
DE, Baden-Wurttemberg, Mannheim
EG, Cairo, Cairo
CZ, Moravskoslezský, Ostrava
US, Massachusetts, Cambridge
US, West Virginia, Martinsburg
TN, Tunis Governorate, Tunis
IN, Karnataka, Hubli
US, Iowa, Council Bluffs
IN, Karnataka, Hubli
US, Texas, Dallas
US, Texas, Dallas
SE, Jönköping, Jönköping
US, Florida, Gainesville
PT, Braga, Braga
PT, Lisbon, Lisbon
PT, Lisbon, Lisbon
US, Tennessee, Nashville
US, Florida, Gainesville
JP, Tokyo, Tokyo
IN, Uttar Pradesh, Kanpur
TR, Istanbul, Istanbul
IN, Uttar Pradesh, Ghāziābād
IN, Gujarat, Surat
US, Florida, Gainesville
CA, Quebec, Drummondville
US, Pennsylvania, Philadelphia
UZ, Tashkent, Tashkent
IT, Campania, Naples
US, California, Daly City
US, Georgia, Duluth
US, Arizona, Phoenix
IN, Andhra Pradesh, Anantapur
IN, Andhra Pradesh, Anantapur
US, Washington, Moses Lake
NP, Bagmati Province, Kathmandu
US, Virginia, Blacksburg
NP, Bagmati Province, Kathmandu
PH, Calabarzon, Cuenca
KR, Seoul, Seoul
US, Florida, Gainesville
CA, Ontario, Oakville
US, Michigan, Lansing
US, Virginia, Blacksburg
US, Florida, Gainesville
GB, England, Barnsley
US, New York, New York City
BR, São Paulo, São Paulo
US, New York, New York City
IN, Gujarat, Surat
IN, Karnataka, Bengaluru
IN, Karnataka, Bengaluru
US, Illinois, Chicago
BE, Flanders, Ieper
US, New York, New York City
GB, England, Finchley
CA, Ontario, Cambridge
US, Pennsylvania, Malvern
PL, Lesser Poland, Kraków
CR, Alajuela Province, Alajuela
US, Washington, Seattle
IN, Rajasthan, Jaipur
NL, South Holland, The Hague
ES, Madrid, Madrid
GB, England, London
IN, Madhya Pradesh, Jabalpur
NL, South Holland, The Hague
NL, South Holland, The Hague
IN, Tamil Nadu, Chennai
AT, Vienna, Vienna
BD, Dhaka Division, Dhaka
IN, Rajasthan, Jodhpur
CA, Ontario, Willowdale
CA, Alberta, Edmonton
US, Texas, Arlington
CA, British Columbia, Vancouver
TR, Istanbul, Istanbul
ZA, Gauteng, Pretoria
ZA, Gauteng, Johannesburg
DK, Central Jutland, Viborg
IN, Karnataka, Udupi
FI, Uusimaa, Helsinki
CH, Zurich, Dachslern
CA, Ontario, Oakville
IN, Karnataka, Byādgi
US, Maryland, Baltimore
US, Oregon, Barview
US, California, Long Beach
RO, București, Bucharest
IN, Karnataka, Bengaluru
TH, Nakhon Ratchasima, Nakhon Ratchasima
SE, Norrbotten, Luleå
IN, Rajasthan, Jaipur
MY, Kuala Lumpur, Kuala Lumpur
IN, Karnataka, Bengaluru
IN, Madhya Pradesh, Bhopāl
NL, South Holland, Gouda
RS, Central Serbia, Mladenovac
FR, Normandy, Omonville
IN, West Bengal, Kolkata
IN, Chandigarh, Chandigarh
US, Texas, Bryan
IN, Gujarat, Surat
US, New Jersey, Jersey City
JP, Tokyo, Tokyo
IN, Haryana, Faridabad
LT, Kaunas, Kaunas
GB, England, Twyford
TW, Taipei, Banqiao
GB, England, Heslington
IN, Karnataka, Byādgi
DE, Baden-Wurttemberg, Nagold
US, New Jersey, Clifton
IN, Tamil Nadu, Coimbatore
DE, Hesse, Frankfurt am Main
IN, Karnataka, Bengaluru
AT, Styria, Leoben
US, Oregon, The Dalles
IN, Assam, Dispur
AU, Victoria, Melbourne
IN, Manipur, Imphāl
US, New York, Stony Brook
IN, Rajasthan, Jaipur
NL, South Holland, Rotterdam
DK, South Denmark, Middelfart
IN, Telangana, Hyderābād
DE, Baden-Wurttemberg, Freiburg
IN, Odisha, Bhubaneswar
IN, Telangana, Hyderābād
US, Virginia, Ashburn
IN, Uttar Pradesh, Meerut
FR, Île-de-France, Paris
US, New York, New York City
EG, Cairo, Cairo
IN, Kerala, Thiruvananthapuram
IN, Himachal Pradesh, Baddi
IN, Karnataka, Mysore
IN, Maharashtra, Mumbai
IN, Kerala, Thiruvananthapuram
IN, Bihar, Patna
US, Texas, Richardson
US, Washington, Seattle
IN, Delhi, Delhi
DE, Bavaria, Geiselbach
US, New York, Rochester
IN, Maharashtra, Mumbai
US, Iowa, Council Bluffs
US, Texas, Dallas
US, Iowa, Council Bluffs
TN, Tunis Governorate, Tunis
US, Texas, Dallas
GB, England, London
CA, Ontario, Cambridge
US, Nevada, Las Vegas
CA, Ontario, Toronto
IN, Tamil Nadu, Saint Thomas Mount
IN, West Bengal, Kānchrāpāra
US, Texas, Canyon
NL, South Holland, The Hague
SE, Jönköping, Jönköping
US, Tennessee, Springfield
IN, Gujarat, Vadodara
CA, Quebec, Saint-Jérôme
IN, Delhi, Delhi
MX, Sinaloa, Culiacán
US, California, San Jose
US, California, San Jose
PH, Metro Manila, Pasig City
NL, South Holland, The Hague
SG, Singapore, Singapore
US, California, San Jose
IN, Karnataka, Bengaluru
US, Iowa, Council Bluffs
IN, Gujarat, Surat
US, Texas, Dallas
CA, Alberta, Edmonton
PT, Lisbon, Lisbon
US, Illinois, Chicago
KR, Gyeonggi-do, Haegok
PT, Lisbon, Lisbon
CA, Quebec, Montréal
BR, Rio de Janeiro, Cabo Frio
US, Virginia, Blacksburg
US, Texas, Arlington
US, Texas, Arlington
US, Washington, Bellevue
IN, Haryana, Gurugram
US, Colorado, Highlands Ranch
PH, Northern Mindanao, Iligan
SE, Norrbotten, Luleå
BR, São Paulo, São Paulo
SG, Singapore, Jurong East
US, Colorado, Highlands Ranch
CY, Nicosia, Nicosia
US, Virginia, Boydton
IN, Maharashtra, Pune
BR, Santa Catarina, Videira
IN, Delhi, Delhi
FR, Île-de-France, Poissy
IN, West Bengal, Durgapur
CZ, Moravskoslezský, Orlová
MX, Morelos, Cuernavaca
US, South Carolina, Moncks Corner
AU, New South Wales, Sydney
EC, Imbabura, Ibarra
UY, Montevideo Department, Montevideo
IN, Karnataka, Bengaluru
NL, South Holland, The Hague
DE, Baden-Wurttemberg, Ulm
IN, Tamil Nadu, Chennai
SG, Singapore, Singapore
GB, England, London
DE, Hesse, Dreieich
IN, Madhya Pradesh, Bhopāl
DE, Hesse, Frankfurt am Main
US, Tennessee, Chattanooga
CA, Ontario, Uxbridge
US, Texas, Dallas
US, Iowa, Council Bluffs
DK, Capital Region, Copenhagen
US, Texas, Dallas
NP, Lumbini Province, Butwāl
US, Texas, Houston
US, New York, New York City
IN, Kerala, Thiruvananthapuram
IN, Kerala, Thiruvananthapuram
DE, Brandenburg, Kleinmachnow
IN, Madhya Pradesh, Bhopāl
US, South Carolina, Moncks Corner
IN, Maharashtra, Nashik
NL, South Holland, 's-Gravenzande
US, Texas, Austin
DE, Baden-Wurttemberg, Ulm
DE, Lower Saxony, Sögel
US, Florida, Port Orange
FR, Auvergne-Rhône-Alpes, Saint-Martin-d'Hères
UA, Volyn, Lutsk
IN, Uttar Pradesh, Agra
IN, Karnataka, Bengaluru
IN, Karnataka, Bengaluru
NG, FCT, Abuja
US, Nevada, Las Vegas
US, New Jersey, South River
BR, Rio de Janeiro, Maricá
EE, Harjumaa, Tallinn
CA, British Columbia, Abbotsford
US, South Carolina, Moncks Corner
MA, Casablanca-Settat, Casablanca
AU, South Australia, Adelaide
US, Texas, Dallas
US, Iowa, Council Bluffs
US, Texas, Dallas
VN, Ho Chi Minh, Ho Chi Minh City
VN, Da Nang, Da Nang
VN, Da Nang, Da Nang
VN, Hanoi, Cầu Diễn
IN, Gujarat, Surat
PH, Metro Manila, Manila
TH, Bangkok, Bangkok
AE, Sharjah, Sharjah
VN, Da Nang, Da Nang
VN, Da Nang, Da Nang
VN, Hanoi, Hanoi
IN, Karnataka, Bengaluru
IN, Rajasthan, Jaipur
AE, Sharjah, Sharjah
MA, Casablanca-Settat, Casablanca
VN, Da Nang, Thanh Khê
US, Michigan, Westland
US, Kansas, Goodland
AU, Queensland, Brisbane
NZ, Canterbury, Christchurch
US, Texas, Austin
US, California, Santa Clara
US, California, Berkeley
US, California, San Francisco
IN, Maharashtra, Nashik
CA, Ontario, Mississauga
IN, Delhi, Delhi
CA, Ontario, Mississauga
IN, Tamil Nadu, Chennai
US, Florida, Alafaya
VN, Hanoi, Hanoi
IN, Maharashtra, Pune
CH, Zurich, Zürich
DE, State of Berlin, Berlin
IN, Kerala, Thiruvananthapuram
SE, Stockholm, Stockholm
BE, Flanders, Beringen
DE, Lower Saxony, Hildesheim
KR, Seoul, Seoul
US, Florida, Vero Beach
CA, Ontario, Ottawa
US, New York, Amherst
IN, Haryana, Sohna
CA, Quebec, Montréal
JO, Amman, Amman
IN, Maharashtra, Mumbai
IN, Uttarakhand, Dehra Dūn
IN, Uttar Pradesh, Mainpuri
US, Missouri, Kansas City
IN, Kerala, Kanayannur
IN, Kerala, Kānnangād
US, Arizona, Phoenix
US, New Jersey, Teaneck
JO, Amman, Amman
PH, Metro Manila, Caloocan City
IN, Tamil Nadu, Mayiladuthurai
US, Illinois, Chicago
SG, Singapore, Yishun New Town
US, Connecticut, New Britain
US, Connecticut, New Britain
US, Connecticut, New Britain
IN, Maharashtra, Thāne
GB, England, London
US, Washington, Redmond
GB, England, London
MA, Casablanca-Settat, Casablanca
PH, Central Visayas, Cebu City
CH, Zurich, Zürich
SI, Ljubljana, Ljubljana
IN, Madhya Pradesh, Pithampur
PL, Lesser Poland, Kraków
PH, Central Luzon, Angeles City
US, Colorado, Castle Rock
IN, Maharashtra, Mumbai
IN, Telangana, Hyderābād
HU, Pest County, Törökbálint
AR, Buenos Aires, Mar del Plata
RO, Neamț County, Piatra Neamţ
IN, Maharashtra, Nagpur
IN, Gujarat, Surat
IN, Gujarat, Ahmedabad
TR, İzmir Province, İzmir
IN, Maharashtra, Mumbai
PL, Mazovia, Warsaw
US, California, Santa Clara
GB, England, Leeds
BA, Federation of B&H, Zenica
US, California, Berkeley
US, Texas, Dallas
US, Iowa, Council Bluffs
US, Texas, Dallas
CA, Ontario, London
PH, Bicol Region, Naga
US, South Carolina, Columbia
AU, South Australia, Adelaide
IN, Telangana, Hyderābād
IN, Maharashtra, Pune
US, Washington, Kent
KE, Tharaka - Nithi, Chuka
IN, Punjab, Dorāha
SE, Skåne, Helsingborg
IN, Telangana, Hyderābād
US, Georgia, Newnan
GB, England, London
IN, Maharashtra, Mumbai
US, Indiana, West Lafayette
US, Michigan, Warren
IN, Uttar Pradesh, Agra
LK, Western Province, Kalutara
PH, Metro Manila, Makati City
IN, Gujarat, Surat
IN, Gujarat, Surat
IN, Karnataka, Bengaluru
PT, Lisbon, Lisbon
AU, Victoria, Melbourne
RU, Udmurtiya Republic, Izhevsk
US, Utah, Salt Lake City
IN, Gujarat, Surat
US, New York, Haverstraw
US, Indiana, Bloomington
US, Texas, Irving
IN, Maharashtra, Nashik
IN, Punjab, Jalandhar
US, Texas, Allen
DE, North Rhine-Westphalia, Siegen
IN, Maharashtra, Nashik
IN, Maharashtra, Nashik
PH, Metro Manila, Pasig City
ES, Madrid, Parla
IN, Assam, Dispur
US, Texas, Kerrville
IN, Karnataka, Bengaluru
PH, Western Visayas, Manapla
US, Pennsylvania, Chalfont
IN, Karnataka, Yelahanka
SE, Stockholm, Solna
FI, Kymenlaakso, Kouvola
FI, Kymenlaakso, Kouvola
PH, Metro Manila, Manila
IN, Tamil Nadu, Chennai
UZ, Tashkent, Tashkent
GB, England, London
US, Florida, Tamarac
KZ, Almaty, Almaty